Subject,Condition,Speed,Target,Balance,n_samples,Comp1,Comp2,Comp3,Comp4,Comp5
BMH01,s0a0b0,0,0,0,1,-112.20494539218119,-73.94122876110855,-32.755140334027146,-40.96431709423482,14.944843225820646
BMH01,s0a0b1,0,0,1,1,-171.73016930813995,-114.8247136823547,-56.32716308525502,11.55865152298196,8.316368631405723
BMH01,s0a0b2,0,0,2,1,-154.3036286995053,-82.89176715024729,-48.6634510047887,-13.276364018797743,24.49109272687091
BMH01,s0a1b0,0,1,0,1,30.1074939223323,49.96269155562682,1.7347725359088397,-22.609881752325563,0.2992459558534529
BMH01,s0a1b1,0,1,1,1,-13.321704573212683,43.83602198683138,61.63043564705621,-25.525479184788704,16.236350047735364
BMH01,s0a1b2,0,1,2,1,51.342471188344476,-48.99883352373712,79.87655136684975,-26.723033972959218,17.322529072004016
BMH01,s0a2b0,0,2,0,1,-99.31246215460524,-34.695146132610034,12.5672180954979,34.87373168133058,-31.969438551019312
BMH01,s0a2b1,0,2,1,1,103.27944927159065,56.049704623388166,-63.28907574646529,7.885720857812218,12.317953343422493
BMH01,s0a2b2,0,2,2,1,217.61131789914378,-293.63248257071194,16.793706541067955,-11.20186564303312,-22.827717595269476
BMH01,s1a0b0,1,0,0,1,-101.94616656895462,15.153772813469255,-12.98684745536453,-25.800275158762805,-5.763474903598304
BMH01,s1a0b1,1,0,1,1,-98.52849816971872,2.409120512388839,0.8351753597194566,-1.966890818517844,1.3213882746703665
BMH01,s1a0b2,1,0,2,1,-118.43217552452458,-46.6090068432939,-10.659168409061436,16.748950463416023,9.511084348082868
BMH01,s1a1b0,1,1,0,1,15.674895228124315,53.262255632874286,12.083494582389964,-23.55461876509482,-1.6936962407648817
BMH01,s1a1b1,1,1,1,1,49.64195873466324,25.47059797094646,28.188201640523648,-23.83942697127912,-0.4230228562576518
BMH01,s1a1b2,1,1,2,1,10.762439662376568,22.209744037206086,93.2039624676905,7.792780136013108,30.622331935599362
BMH01,s1a2b0,1,2,0,1,107.26864770050541,49.53406789002467,-80.97829383710864,-11.527438900806914,6.355961050497357
BMH01,s1a2b1,1,2,1,1,104.022843741894,64.98067868754731,-68.20757661603797,15.20111575039614,31.51964756565598
BMH01,s1a2b2,1,2,2,1,141.44455414036824,-22.581034628156075,17.34856795072066,40.1884635357419,16.367440454104067
BMH01,s2a0b0,2,0,0,1,-60.20269827498459,58.950614347288294,4.338700596714347,0.9361597839572164,-32.1695304268813
BMH01,s2a0b1,2,0,1,1,-76.67837193348741,61.16963643511947,33.993980487982924,-1.6965266235219498,-27.90652254560102
BMH01,s2a0b2,2,0,2,1,-93.84888959235552,-21.66076618999945,24.565395929383786,59.78441694208625,-7.671915266940546
BMH01,s2a1b0,2,1,0,1,14.954161251659558,55.44606540731714,4.620469095597069,-30.72909650473866,-22.661391903239068
BMH01,s2a1b1,2,1,1,1,-3.744180869838719,55.64970323142965,32.08460144845073,-5.800546013730457,-5.260810339098167
BMH01,s2a1b2,2,1,2,1,8.253616121914622,56.6061426175106,31.0414546102361,39.06468477094842,8.879339253118367
BMH01,s2a2b0,2,2,0,1,73.81223469975886,53.38890276827084,-50.15846726301111,4.2706290981231305,-22.20673209982143
BMH01,s2a2b1,2,2,1,1,99.73169407966856,20.212908619656424,-34.1937460385619,0.9032927047779572,-30.239027202547163
BMH01,s2a2b2,2,2,2,1,76.34611341916398,-4.457649654677252,3.3122414338912995,26.007164175006118,12.287704046198813
BMH02,s0a0b0,0,0,0,1,-79.82550925179912,-143.04544500108236,2.7565821907183934,-1.0835072696037087,-2.3459559733951876
BMH02,s0a0b1,0,0,1,1,-36.38839631826333,-51.47777342557388,1.589973492979964,8.05543976910839,2.2844032409390485
BMH02,s0a0b2,0,0,2,1,-61.734980581273376,-115.98948408180463,25.022952252044448,-0.7401899762774857,-38.55755883357758
BMH02,s0a1b0,0,1,0,1,-16.028976133192614,50.73596166338732,-17.052297534690908,-7.012475600903056,-9.689643436170197
BMH02,s0a1b1,0,1,1,1,50.439093071882475,77.20950627058124,40.12623176179716,-22.70951154486999,13.652750771862257
BMH02,s0a1b2,0,1,2,1,122.46030962686902,39.87542586518985,-3.709741360977607,26.499024807975626,-2.8670818494294297
BMH02,s0a2b0,0,2,0,1,-16.717895459805042,67.77985855024154,-34.45773108971706,-19.899306511834155,-17.7019252005949
BMH02,s0a2b1,0,2,1,1,35.26433618259716,93.37590208296382,26.073026527645663,-15.610093105794203,4.571482026794331
BMH02,s0a2b2,0,2,2,1,476.34216769738174,-163.36228646450886,-26.246336372188175,-10.880346018025916,8.135215711775961
BMH02,s1a0b0,1,0,0,1,-96.94797415719117,-69.63673666250266,-19.5022002602083,11.441493101926898,-8.348574128662367
BMH02,s1a0b1,1,0,1,1,-102.03764627153207,-92.0684548111243,20.06160041762787,-0.8369091282424578,-2.0306264341653995
BMH02,s1a0b2,1,0,2,1,-10.667364811631126,-178.99887037449108,39.38065066872932,-13.841800471317681,-3.3857389694226625
BMH02,s1a1b0,1,1,0,1,0.8878710749239663,51.10504536293043,-21.144639555635216,-6.94453293321121,5.243219816437964
BMH02,s1a1b1,1,1,1,1,28.2248438213199,94.87013526726342,23.50868393900471,-17.357557187477425,-3.4900274226655115
BMH02,s1a1b2,1,1,2,1,66.35613846629548,60.23595189176835,17.03230124294763,35.9654966200859,-18.16872625986236
BMH02,s1a2b0,1,2,0,1,-26.317157202235673,36.28887083819137,-13.775411330285726,-21.675179827372425,-5.8971716114444
BMH02,s1a2b1,1,2,1,1,66.27645561083617,74.7035263079525,33.32776055470389,10.330701663376795,17.93859421786967
BMH02,s1a2b2,1,2,2,1,60.93199904140898,82.60689083479306,12.210192391645641,10.598498684559642,1.673846387122561
BMH02,s2a0b0,2,0,0,1,-104.41594869009425,-57.380116451429316,-33.49147572300505,4.055699922475649,16.9448293551903
BMH02,s2a0b1,2,0,1,1,-103.47007992607388,-20.860319585744033,-18.426785472770668,20.111713537856513,30.381414122009126
BMH02,s2a0b2,2,0,2,1,-89.31916748281309,-58.260926402370806,17.036302160770315,24.775694519901265,21.63276063673451
BMH02,s2a1b0,2,1,0,1,-81.1703911520718,-7.53609805596895,-15.46764101704049,-14.869794352322787,16.611998508835566
BMH02,s2a1b1,2,1,1,1,-30.65354196538097,54.581400285330595,-15.330516070211681,-6.214151348083339,-10.955621517107822
BMH02,s2a1b2,2,1,2,1,26.383578832317436,63.54996155661894,-12.307215826673035,14.452939222481412,-7.055100953941688
BMH02,s2a2b0,2,2,0,1,-73.42154511690131,12.541491195021578,-26.94992149657518,-19.962043741322667,-3.0892667644467644
BMH02,s2a2b1,2,2,1,1,-37.819625014296896,41.040141836229935,10.957554744478728,-20.533301561109717,7.1479601828904515
BMH02,s2a2b2,2,2,2,1,33.369406108724725,58.116441508133995,-11.22189923511403,33.88399872801922,-12.635455623576979
BMH06,s0a0b0,0,0,0,1,81.00884475100345,-66.88048303596555,-16.867719200521606,0.7982991110555062,5.872489432174087
BMH06,s0a0b1,0,0,1,1,84.41460826296881,-31.910601062923103,-19.433355329069176,-12.74115220015683,9.023935195462728
BMH06,s0a0b2,0,0,2,1,88.53471641596578,-44.730660737669545,22.409200230170992,-15.409041561529426,-11.195534642746766
BMH06,s0a1b0,0,1,0,1,4.175456042204803,7.316894811803111,-7.027628156332782,16.18737677211513,-1.2610378961935484
BMH06,s0a1b1,0,1,1,1,51.83992747912284,20.043830068927452,-34.07296959200501,32.41607231985703,12.025624205430184
BMH06,s0a1b2,0,1,2,1,18.703450555157396,-28.21764032839442,20.778326623666743,23.404556796465446,15.051900561581473
BMH06,s0a2b0,0,2,0,1,-120.26637962802054,-23.689638806525725,3.8943936695538093,13.358029142829624,0.9977979914036317
BMH06,s0a2b1,0,2,1,1,-107.78587995316093,-9.114557003004986,30.075235665764584,1.9240382940776772,-0.41603874866005
BMH06,s0a2b2,0,2,2,1,-61.19341743722743,-8.45805407807872,45.302930476846406,10.818715080428085,9.213245892649153
BMH06,s1a0b0,1,0,0,1,71.74236892323012,1.7648493981019586,6.933105101063808,-27.76309598726231,10.572880004113523
BMH06,s1a0b1,1,0,1,1,61.74493236748795,13.908670452825131,-8.944406950484929,-9.94572359373813,0.7925174540804936
BMH06,s1a0b2,1,0,2,1,62.42420608323055,-5.888053472002063,11.75751492583217,-17.178439329652846,0.862749268152529
BMH06,s1a1b0,1,1,0,1,18.910408703481647,12.13194778594192,-11.76509089218187,19.95983586100352,-13.279720681733426
BMH06,s1a1b1,1,1,1,1,-53.005870807723916,16.84572270269347,-17.206919511719907,2.5065447469122843,6.182432327773275
BMH06,s1a1b2,1,1,2,1,53.68139608195225,-7.073380067744028,31.676498751453867,3.2586320087642338,-15.086916451599915
BMH06,s1a2b0,1,2,0,1,-61.10428965946736,-14.957707849028242,-28.192472980823105,2.5968276033263566,-16.293045670963064
BMH06,s1a2b1,1,2,1,1,-87.77335176451756,-7.395775907120224,-26.274654369942898,-23.273901576871854,15.462801861542317
BMH06,s1a2b2,1,2,2,1,-40.46595634220896,19.9819046823628,40.12788844793237,1.9294769405017405,14.722928399980024
BMH06,s2a0b0,2,0,0,1,36.686038437429424,82.14748256113026,-14.34371295123188,4.508500068790729,5.567268149477395
BMH06,s2a0b1,2,0,1,1,50.83390177697167,67.796079445614,16.328716932304157,-3.866970958733146,0.569003130376199
BMH06,s2a0b2,2,0,2,1,49.678813259351486,32.99679388617728,-1.1210578375672153,-11.568681399860331,-10.710122470226587
BMH06,s2a1b0,2,1,0,1,-40.630187914419274,-11.30080604422298,-19.32047446067139,8.659426163019917,-9.179573424714178
BMH06,s2a1b1,2,1,1,1,-60.95932019428358,7.792531236254682,-18.220203650878318,-15.513968015055127,-16.52331926934821
BMH06,s2a1b2,2,1,2,1,-42.62268206512972,15.156162643358524,31.05093886585903,-9.990752832646018,-14.124277488752398
BMH06,s2a2b0,2,2,0,1,-44.07632778599367,-11.362259043238968,-17.278556674080296,3.5044659736295647,-12.847573195793881
BMH06,s2a2b1,2,2,1,1,-89.20193415866945,-5.633704824098962,-20.56086702812266,-22.89325322210637,14.139826721037508
BMH06,s2a2b2,2,2,2,1,74.70652857126443,-21.269547415174124,0.29533989518579934,24.31418379483542,-0.14024065450262893
BMH07,s0a0b0,0,0,0,1,157.27468363891742,-41.97947099778841,-36.003581111587415,-9.439448206022496,3.3402206515484805
BMH07,s0a0b1,0,0,1,1,160.05786806308038,-41.26303019143357,-38.304727465637534,-14.30566058591694,-3.487455890967851
BMH07,s0a0b2,0,0,2,1,165.2753732325067,-65.91147307459765,4.106301081771913,-25.12278878124161,8.774994334133828
BMH07,s0a1b0,0,1,0,1,-67.14105560086371,-6.480763305699276,-22.35888989509218,19.32591022317049,3.2629486175276323
BMH07,s0a1b1,0,1,1,1,-81.1090732517569,-45.62818367205721,3.170451494470317,25.05376725273935,-2.954508146521368
BMH07,s0a1b2,0,1,2,1,-80.63511749550025,-110.12177766230998,31.124198337121925,34.971652432801065,-25.259603915892786
BMH07,s0a2b0,0,2,0,1,-97.16537985710963,-24.580239409713037,-37.68759260816345,10.27403653497318,-7.995213707976984
BMH07,s0a2b1,0,2,1,1,-68.51181132392453,14.49678034413941,-2.571437197683759,-20.07018698527443,2.207264659800621
BMH07,s0a2b2,0,2,2,1,-79.10337230452491,-14.30656858684214,18.735680588592245,-3.667100286798217,-3.598316855752396
BMH07,s1a0b0,1,0,0,1,143.67032412264206,9.664615739635648,-13.402901358846302,14.572181107119306,0.04120339737140599
BMH07,s1a0b1,1,0,1,1,148.78705440285867,-19.612987844853688,13.319563160362273,-22.35243427432219,-10.919207168671758
BMH07,s1a0b2,1,0,2,1,114.03487976653577,8.699962106194342,3.714966374322199,8.33129596908858,10.828015718661547
BMH07,s1a1b0,1,1,0,1,-44.387299493333316,18.65356832528063,-28.19435365421672,3.7461153163133285,0.7263046286017542
BMH07,s1a1b1,1,1,1,1,-43.87189022727449,37.276068670945406,-21.702687105663284,-0.3706576865701995,-4.013779703581265
BMH07,s1a1b2,1,1,2,1,-36.92773325929485,6.183686466737781,52.22316864229008,-14.283975859866432,-1.8763351581431005
BMH07,s1a2b0,1,2,0,1,-91.53058973589226,-9.406288466074791,-36.81542311891623,5.87077246944362,20.23480021869245
BMH07,s1a2b1,1,2,1,1,-42.88105911157867,18.21204738935941,-1.2502207935512248,-11.360876170676578,-9.404017922978616
BMH07,s1a2b2,1,2,2,1,-69.88769178715415,-17.0284931774947,70.77499572748958,-12.935494153299771,-2.70995086038916
BMH07,s2a0b0,2,0,0,1,64.00059838353803,82.82298252865219,-2.855097510101245,23.4562897680651,-4.51672639852515
BMH07,s2a0b1,2,0,1,1,94.68642108016209,63.772703989987654,25.491213451276096,20.775126070553572,-6.151366196286139
BMH07,s2a0b2,2,0,2,1,120.42127084864582,30.924379843177718,42.73105439730319,45.97447665562335,8.602000250472637
BMH07,s2a1b0,2,1,0,1,-42.5691127051773,36.24133564945881,-22.835989343320602,-14.52007489152442,-23.03356485936091
BMH07,s2a1b1,2,1,1,1,-30.54460054628554,47.798198365794946,9.734916844695343,-32.84794609316712,-25.689026242898038
BMH07,s2a1b2,2,1,2,1,-55.33141687936694,0.07731140702016871,42.690572583025954,-15.500029771184808,45.883839877569834
BMH07,s2a2b0,2,2,0,1,-87.90040421049797,5.98434608937464,-56.9138815252639,4.740214495056247,11.223092518389775
BMH07,s2a2b1,2,2,1,1,-85.04762803231714,1.1961868863252214,-13.859877785608864,-4.661031654885125,14.475479131534106
BMH07,s2a2b2,2,2,2,1,-63.66323771703388,14.315102586779068,16.93957779093083,-15.654132894197536,2.008909023641035
BMH08,s0a0b0,0,0,0,1,84.5957291640193,26.254362315129576,0.35045819667547246,-22.618718605097293,-6.159295780804031
BMH08,s0a0b1,0,0,1,1,159.12687665519985,-58.103262509600164,-53.16917600819247,-0.209957459254654,11.690271482555193
BMH08,s0a0b2,0,0,2,1,173.6904299112023,-61.63304823053879,-46.429530941847744,-5.1582096265065625,1.1377825818304825
BMH08,s0a1b0,0,1,0,1,-71.95370759430885,18.459874833130186,-55.72044644003163,20.991620003996907,-12.2939185180164
BMH08,s0a1b1,0,1,1,1,8.210594939939128,-9.397758620392906,53.59182137430321,9.853405266221872,-34.58939609843034
BMH08,s0a1b2,0,1,2,1,-77.35336699788095,-44.30881793457779,27.933401336303074,4.790533954360872,30.05390128444483
BMH08,s0a2b0,0,2,0,1,-76.72471072957427,28.153034297359312,-36.71050518294762,-4.186462103971143,-2.984834420415398
BMH08,s0a2b1,0,2,1,1,-66.70275448526765,22.09974817679485,-31.834809167253102,16.10339705587541,18.4314010853679
BMH08,s0a2b2,0,2,2,1,-127.92607417863992,-194.72561268370055,44.58506188775791,13.618139841983947,-4.9279261318835665
BMH08,s1a0b0,1,0,0,1,126.700022351327,-0.08097839669296351,-7.497505968570293,-18.16308986432602,0.3923204426392704
BMH08,s1a0b1,1,0,1,1,124.9771407695943,24.653655195354514,-9.389389379393704,-8.872634367360662,-9.398817990408293
BMH08,s1a0b2,1,0,2,1,142.02496606906323,-86.08135880946446,-41.38798527437416,10.275304799686277,6.508975154799012
BMH08,s1a1b0,1,1,0,1,-19.317641355829732,38.12379254936155,-7.950379913789109,-11.955494161051146,-16.23043502051982
BMH08,s1a1b1,1,1,1,1,-60.62049957745004,36.62234928912329,-23.042393467092793,-9.98524833683341,0.28346449483742375
BMH08,s1a1b2,1,1,2,1,-71.04138660438551,-46.993387290045455,28.944776288213976,-51.909034533144535,-0.04979693128772747
BMH08,s1a2b0,1,2,0,1,-75.8022605533278,15.174184590516546,-32.656016232318855,22.618461157164138,5.198134566883328
BMH08,s1a2b1,1,2,1,1,-67.29487118909445,31.671656314556216,-29.903097936320474,-29.121554314332286,-9.506754838891354
BMH08,s1a2b2,1,2,2,1,-78.12824776613769,-58.66202588276791,14.642867556286232,0.47540635450308183,-14.812668205854584
BMH08,s2a0b0,2,0,0,1,80.46488004722879,66.58834948299018,107.39814418645769,1.0406793151299376,13.306653717723751
BMH08,s2a0b1,2,0,1,1,74.66528768138157,57.737423845007214,63.174372737328625,36.13888279918205,-5.625931222847964
BMH08,s2a0b2,2,0,2,1,84.00746707859449,5.37919078703852,56.56138271001328,18.54655536745624,-2.7543943816093868
BMH08,s2a1b0,2,1,0,1,-12.293892192598669,38.40043704222022,-5.671482155424666,22.941413341061672,-1.0085080700546791
BMH08,s2a1b1,2,1,1,1,-58.1346138580536,39.45928973114627,-17.571492047987068,-16.00539840744152,4.4861888008225685
BMH08,s2a1b2,2,1,2,1,-44.304741095964374,-4.4994424988108115,47.99352412915313,-11.615932409753045,9.346746152536719
BMH08,s2a2b0,2,2,0,1,-61.97572725447992,30.725013278480393,-50.88812150226106,34.11455061694785,-0.029580576680710534
BMH08,s2a2b1,2,2,1,1,-48.61474169224549,38.91558864985985,-11.042661590860238,-11.22077274634552,-9.973868357884061
BMH08,s2a2b2,2,2,2,1,-40.27415754231061,46.067742478522966,15.689182806172123,-10.485842938152597,29.510286781147936
BMH09,s0a0b0,0,0,0,1,148.05795858999176,-35.82633955190731,-56.46272134939736,-1.3866221570440047,0.9865257018503625
BMH09,s0a0b1,0,0,1,1,129.1909639740081,-30.573086266829197,-40.7884056327374,0.7607920106587301,4.191155595915653
BMH09,s0a0b2,0,0,2,1,146.28849214906563,-70.36590369070306,-25.3754603824988,36.940739872097105,13.97192690719921
BMH09,s0a1b0,0,1,0,1,-91.32685009184185,-3.6088924697879325,-11.128094463809044,-7.252301662145124,-4.383611931297386
BMH09,s0a1b1,0,1,1,1,-60.11101989600095,-20.371707350828334,28.16735786628774,23.767238247856078,9.988713166075463
BMH09,s0a1b2,0,1,2,1,0.4399508033211745,-166.84506440530126,11.281321466971303,-39.11588911216293,-7.509391258323346
BMH09,s0a2b0,0,2,0,1,-83.42753912509181,15.397047887152302,-34.86139050224712,-12.639494162871674,4.167175832052305
BMH09,s0a2b1,0,2,1,1,-92.7277680393842,-42.96710548747467,8.41643947143443,16.511705642571922,-21.02232924712618
BMH09,s0a2b2,0,2,2,1,-71.09996167810345,-76.9647806957731,25.296612983959516,-3.5058611480179938,27.930748097993288
BMH09,s1a0b0,1,0,0,1,86.70826612841329,63.7571806195429,1.8544458756004745,-21.7448145955766,-0.676154724927682
BMH09,s1a0b1,1,0,1,1,90.67492953297295,30.55875732253766,-18.082231980029782,-0.4012463968185494,-3.937247237096053
BMH09,s1a0b2,1,0,2,1,98.10026393662193,11.379246481373606,4.108654787687108,17.798699125759388,-0.9997534764064625
BMH09,s1a1b0,1,1,0,1,-50.07252671952304,43.03538362357199,-16.550257101439982,-14.571934848696822,3.84807482810685
BMH09,s1a1b1,1,1,1,1,-73.15755798446469,31.69728297919092,-13.905273911624795,-5.1121897842076125,20.66873420655811
BMH09,s1a1b2,1,1,2,1,-13.696479159145186,-49.73958259505754,11.352835760665533,-11.293134450957234,3.940369133959269
BMH09,s1a2b0,1,2,0,1,-92.78698175951911,12.129639669715843,-30.503893339415583,7.050084669296582,-25.290257808983476
BMH09,s1a2b1,1,2,1,1,-88.5785157227784,-3.8694697770805724,-0.037753908499889306,27.23237609293171,-7.014818825966596
BMH09,s1a2b2,1,2,2,1,49.51114971185755,-82.56233096924231,39.55280223499123,-11.479181210060855,-20.527696066897853
BMH09,s2a0b0,2,0,0,1,51.73900821819574,75.92699936272729,10.629405182059894,-25.05236242574135,2.540198558458105
BMH09,s2a0b1,2,0,1,1,74.28040227001148,73.19702677192629,36.5515712725504,-10.163470468467157,-3.606087732933978
BMH09,s2a0b2,2,0,2,1,87.18522584363402,57.69638786893292,45.39202321576994,22.761387404331945,-19.558365649110186
BMH09,s2a1b0,2,1,0,1,-75.65735885187426,21.944996146860014,-26.75682485724832,-2.375822889224765,-12.749034297712935
BMH09,s2a1b1,2,1,1,1,-52.600129450556224,51.87290635657506,-6.3143540756208765,14.132510444486961,9.489467959523974
BMH09,s2a1b2,2,1,2,1,-1.5440723655380164,-4.188986540342126,45.60834346447249,13.68964593933576,2.6172032678608503
BMH09,s2a2b0,2,2,0,1,-85.83922521112662,30.06071846627517,-35.62007069684881,-1.2041124375653969,-5.647817583873007
BMH09,s2a2b1,2,2,1,1,25.62046207617757,68.43760618142056,29.320271691057236,-23.79222463447167,8.036915145694172
BMH09,s2a2b2,2,2,2,1,-55.17108717932254,0.7920700625235005,18.85464692790924,10.44548293470412,20.545357439407915
BMH10,s0a0b0,0,0,0,1,-17.7556380484548,-74.77126746755414,15.033016083179916,-19.005657780100808,-8.910744107651567
BMH10,s0a0b1,0,0,1,1,-74.38184548828855,-102.43325366482611,35.547372256843,-21.112251047410005,1.773167519966634
BMH10,s0a0b2,0,0,2,1,-115.85764846683827,-90.7362417286435,36.3807267776562,8.441828515337066,26.192596070716647
BMH10,s0a1b0,0,1,0,1,64.92352165459101,31.175364844829065,6.0243003192155005,-5.900832168227024,20.92335942715587
BMH10,s0a1b1,0,1,1,1,56.55040303073652,36.189905190497576,33.74490293815573,-12.838176917588871,22.77096972593783
BMH10,s0a1b2,0,1,2,1,-160.8279586858272,95.06369202110889,-19.351837537948224,-12.108437245852869,-18.8598930177375
BMH10,s0a2b0,0,2,0,1,63.69544411261393,19.902990053468407,5.355286041421245,-14.034584124472136,5.819224621108797
BMH10,s0a2b1,0,2,1,1,55.450439216574836,43.83697948252602,7.997759324641106,-4.95037060769459,34.39924995218244
BMH10,s0a2b2,0,2,2,1,-236.33348820470505,0.7933974705540316,-23.30091226722632,-34.10723040847552,-1.7622001441365192
BMH10,s1a0b0,1,0,0,1,27.261164634748088,-44.43227170412932,9.847983441417695,-5.056300708617286,-14.791781321106711
BMH10,s1a0b1,1,0,1,1,27.527259395275294,-41.86573538605835,-13.623058195092518,18.68699072679864,-7.143521449947912
BMH10,s1a0b2,1,0,2,1,-8.79708267975611,-42.150236836590146,4.580585554280793,35.23992226871583,-8.898504600757889
BMH10,s1a1b0,1,1,0,1,49.91724060347416,-9.009054033414932,5.49375291717189,-9.107441034045248,9.559278087711162
BMH10,s1a1b1,1,1,1,1,64.45457743152228,4.026743999763024,-34.76361970494532,19.611606243984514,10.81467705592665
BMH10,s1a1b2,1,1,2,1,-79.02396504008084,16.864851539893984,-20.018825134540055,20.435047895174126,2.5990428519593904
BMH10,s1a2b0,1,2,0,1,86.53936865665801,-26.50244306974413,-73.8228371541901,-19.671236593328178,-1.634180011351581
BMH10,s1a2b1,1,2,1,1,65.3614021167814,27.55951305974354,15.251069688150071,9.564135307092748,-14.52279391986967
BMH10,s1a2b2,1,2,2,1,-119.05311939359449,45.624581150858305,-6.101026407302849,4.8855021854181615,15.215620999607983
BMH10,s2a0b0,2,0,0,1,68.14031732167602,1.7388834918112184,15.060259273927265,-2.983508789402758,-13.86272234039279
BMH10,s2a0b1,2,0,1,1,56.948074128411335,-18.792577260208205,1.919905853511837,5.9509713024290765,-16.96372315447861
BMH10,s2a0b2,2,0,2,1,-29.769150120289478,-33.83091151652498,-5.668636569749322,30.996493867158787,-13.251085607112156
BMH10,s2a1b0,2,1,0,1,79.57560171046876,32.55773079240485,60.759098755388315,-21.945073862850787,-21.610051451811024
BMH10,s2a1b1,2,1,1,1,49.482319406135815,56.09725498778944,51.64785973536902,9.246103086411567,-1.5292651296286872
BMH10,s2a1b2,2,1,2,1,-56.46754956261302,66.66054863351428,3.938902540846049,3.610380243085304,-19.650733277348543
BMH10,s2a2b0,2,2,0,1,79.26011741080883,-17.143232559501328,-78.24686120686552,-16.83076965218237,0.9119587153868134
BMH10,s2a2b1,2,2,1,1,88.06481780609026,-3.5279729885068307,-26.079118566513213,0.872850306731928,1.5752507791240056
BMH10,s2a2b2,2,2,2,1,-84.88462294611868,27.102761496939035,-7.6060487568029576,32.110038991910365,10.836803726547041
BMH13,s0a0b0,0,0,0,1,-127.75494168821014,-131.3459344056065,-45.87767370893503,-16.205924569074526,-1.9084672389416029
BMH13,s0a0b1,0,0,1,1,-84.64954766857625,-112.56851191637925,-10.327223952819098,6.580207029818063,4.6549764420333615
BMH13,s0a0b2,0,0,2,1,-175.58736222627365,-118.36506721159468,-18.788796973137067,34.7267067142382,-3.330222610521439
BMH13,s0a1b0,0,1,0,1,-0.22068763264175048,53.567544497570736,-71.9741012435389,1.652463162609174,-7.349943225854702
BMH13,s0a1b1,0,1,1,1,2.693369707629823,78.98620805519555,-46.48039167184906,13.494731383579799,-5.010240413480504
BMH13,s0a1b2,0,1,2,1,1.2178069987205065,61.50395228470444,13.008636114165087,24.518544041673135,18.654484435699942
BMH13,s0a2b0,0,2,0,1,-11.300352909444188,78.71628689671809,-61.84537473579111,-17.146668251174876,17.029935086338984
BMH13,s0a2b1,0,2,1,1,2.1733266896708914,77.4242569526329,-13.764733163350863,30.760257038857592,-0.5645194071105049
BMH13,s0a2b2,0,2,2,1,-249.25495534567827,156.66313580859924,115.30195275261083,-43.21139932605759,-13.466598436680728
BMH13,s1a0b0,1,0,0,1,16.555254107445037,-105.11682374948467,-8.65555974871135,-31.347745358228657,-4.674807588362169
BMH13,s1a0b1,1,0,1,1,25.35805212572972,-75.45869436529152,-7.339868711902469,10.931593950698584,-6.3163880772641425
BMH13,s1a0b2,1,0,2,1,-70.0856268712273,-84.24419875213248,23.476629849105887,35.841043747507356,-8.125159939982618
BMH13,s1a1b0,1,1,0,1,11.471147854835301,39.057154486706125,-75.87647954065785,-17.22522612925321,-8.541642613229739
BMH13,s1a1b1,1,1,1,1,19.17773302530142,26.938777624523603,-18.1790054610696,-3.3209791678517053,9.473579199710565
BMH13,s1a1b2,1,1,2,1,15.113506201270726,34.069672211876785,28.716020814082196,33.5191080259027,2.183149608542977
BMH13,s1a2b0,1,2,0,1,-9.261486926999732,80.87801675351251,-59.789998862179765,-26.33037567539331,-2.9259646204645344
BMH13,s1a2b1,1,2,1,1,10.888927332075777,59.72614081998852,-17.84120826178504,4.236495014472087,3.8798434184298296
BMH13,s1a2b2,1,2,2,1,15.095991438843862,72.22260894766228,-5.959905598792841,31.89054945361241,-8.256935245615564
BMH13,s2a0b0,2,0,0,1,191.47192363320394,-31.48303861329579,31.301469313902505,-32.31315714065133,-14.5312329733328
BMH13,s2a0b1,2,0,1,1,74.45487208509545,-32.71865952497157,3.585959871215594,-23.61526040588404,-20.85264446639902
BMH13,s2a0b2,2,0,2,1,137.45420547214462,2.858130786478862,57.619769344974344,31.331293691679022,-12.4837878922821
BMH13,s2a1b0,2,1,0,1,33.1205312882973,-63.1413304706404,39.369966969095806,-42.992036615353754,11.468440990974587
BMH13,s2a1b1,2,1,1,1,41.78852849212469,1.4040566170136026,4.026207636635366,12.45238149663247,-2.7189844040842233
BMH13,s2a1b2,2,1,2,1,32.0647923699414,-9.075501922739345,49.53649468431256,17.214428709654136,6.83816098228594
BMH13,s2a2b0,2,2,0,1,25.57284490117847,-23.110745848724676,16.576319909335552,-42.36691129713304,10.649486392514737
BMH13,s2a2b1,2,2,1,1,34.79047963543271,-25.872649335927036,22.30589844530918,-12.944362284567891,25.343914401745042
BMH13,s2a2b2,2,2,2,1,37.65166791011054,-11.514786626395244,57.874995929776,19.870242759688786,10.881568195330624
BMH17,s0a0b0,0,0,0,1,119.29400402772912,-34.09798820786386,-27.95301341884945,6.0254763538694265,2.2843788311626243
BMH17,s0a0b1,0,0,1,1,141.83309326491076,-38.763150896579226,-25.450257754531815,-9.076043000599002,-9.534865304126578
BMH17,s0a0b2,0,0,2,1,143.24663988449768,-86.27661717794292,-23.312631453089274,-2.0315334004530876,22.762856175326654
BMH17,s0a1b0,0,1,0,1,-50.309624665414816,7.954997030899484,-29.89695931770664,-31.205562289187363,19.03113735015803
BMH17,s0a1b1,0,1,1,1,-61.54075952882061,5.698299393339958,-16.090142425123762,-10.410546888055206,17.242043698344116
BMH17,s0a1b2,0,1,2,1,-67.87728558794467,-65.53492616908022,55.92906027638081,15.74542388205102,-2.1988143913591203
BMH17,s0a2b0,0,2,0,1,-69.5513319514173,9.664222496673538,-15.480024644369752,-13.539992520867328,6.480793134315172
BMH17,s0a2b1,0,2,1,1,-82.93579445426188,3.2275523204357546,-9.174242712127553,14.694873804598071,-9.770552968649609
BMH17,s0a2b2,0,2,2,1,-114.3696977702547,-54.61964837539463,98.22932554423504,-43.950479708329055,-19.926342351592524
BMH17,s1a0b0,1,0,0,1,140.08485054410798,-19.03048716790753,-12.594279210600645,1.5985565052916177,-33.16417576889542
BMH17,s1a0b1,1,0,1,1,129.57768918256687,28.78816926854674,10.993117071143498,-1.5306315072832901,-12.091405071846808
BMH17,s1a0b2,1,0,2,1,129.31943165324404,-35.33199424671241,31.183394304619764,14.781777116507044,8.974680163728197
BMH17,s1a1b0,1,1,0,1,-58.12344433739005,9.027516661947201,-36.86060784820943,-5.1739567799015544,-16.45925546116671
BMH17,s1a1b1,1,1,1,1,-52.03595422483355,3.1824569291703795,-23.94002672150786,5.188272950097256,-5.516953581521837
BMH17,s1a1b2,1,1,2,1,-44.61684688116401,13.86880141804006,-22.386671542584907,10.339872470381243,14.535518656335597
BMH17,s1a2b0,1,2,0,1,-73.66818721832767,6.757425364065857,-26.892886560956693,13.909357389277504,-18.346276389662926
BMH17,s1a2b1,1,2,1,1,-71.9322865130572,4.58294084746028,-19.64944251394772,12.001595058038632,-20.295821600361457
BMH17,s1a2b2,1,2,2,1,-56.915424282050616,7.016178496252552,8.257151186462007,25.52620985063142,7.906037627103588
BMH17,s2a0b0,2,0,0,1,85.2903236746802,66.88968251874897,22.4906187177784,-1.1745480880497012,-2.0030847395155127
BMH17,s2a0b1,2,0,1,1,86.15332215092091,83.25179350756662,25.8741491133216,1.111058961522452,-11.073501390977034
BMH17,s2a0b2,2,0,2,1,101.3416490449932,64.79078820583263,62.35233891835988,-11.327404714594191,19.226540010319486
BMH17,s2a1b0,2,1,0,1,-13.173051293467141,11.043092640765037,-42.673907311908756,-36.87816684274594,10.137277787843425
BMH17,s2a1b1,2,1,1,1,-40.495981697665336,6.1323847002076635,-10.430767826498593,-0.35664598930548114,10.155144710471065
BMH17,s2a1b2,2,1,2,1,-51.702812347855335,-0.36576549905572486,35.12134183379328,24.92219692202347,24.294203571593748
BMH17,s2a2b0,2,2,0,1,-53.280597461748236,1.1262358230709688,-16.612201586422668,-20.822644469649564,-3.6402461239789714
BMH17,s2a2b1,2,2,1,1,-55.28583657037081,3.7438488956572926,-6.171488418058462,20.34051117612705,-4.521969423849002
BMH17,s2a2b2,2,2,2,1,-58.32608664160695,-2.725808778143506,15.1390543003997,21.292973758604163,5.5126528508019375
BMH19,s0a0b0,0,0,0,1,-139.20994490721188,-35.64209454392035,3.6452148350086717,12.221303502141042,-10.444883020330701
BMH19,s0a0b1,0,0,1,1,-131.2343968990938,-43.43947595724598,16.789359796560714,2.814076465050885,2.1306727277376076
BMH19,s0a0b2,0,0,2,1,-154.12151449811782,-72.73694328729505,-3.667343204013251,6.6207480680171304,7.573128752355093
BMH19,s0a1b0,0,1,0,1,22.34946352493087,-6.893307285426631,-20.627346461814568,-4.484185343613831,-2.9728117370850655
BMH19,s0a1b1,0,1,1,1,42.22091166077288,-3.958163981738756,1.6602104292582107,-15.73545359978518,15.186530760471522
BMH19,s0a1b2,0,1,2,1,70.06389269296307,-16.737738444975395,50.87353573216995,5.809285061995831,-27.40569156620921
BMH19,s0a2b0,0,2,0,1,52.949526638105546,-27.943760145196244,-48.187120518466735,-12.809737554926736,-1.0431151631667732
BMH19,s0a2b1,0,2,1,1,67.52537827015256,-38.372657247528636,14.449480674550909,-11.9852895763049,7.081874550704106
BMH19,s0a2b2,0,2,2,1,93.22975890712812,-81.36413152636179,81.61134465145454,0.8447373239367985,3.5320997818787725
BMH19,s1a0b0,1,0,0,1,-106.2236584003767,-18.117197649788384,-24.48795071056446,-11.287056400412421,-9.575507001292177
BMH19,s1a0b1,1,0,1,1,-101.03516301750736,36.35654974948109,17.96045590314179,2.5989160768473845,-0.9771517883838228
BMH19,s1a0b2,1,0,2,1,-88.61825499260749,16.63129383393561,13.145801320301194,-7.290517694406777,12.444692181435347
BMH19,s1a1b0,1,1,0,1,29.879076185862097,-1.7027994651640184,-43.95599650186577,6.414294025993854,-10.319482044453084
BMH19,s1a1b1,1,1,1,1,46.395502847591565,1.8082480766483282,-8.6008901747824,-7.2916987044912105,5.768396448728899
BMH19,s1a1b2,1,1,2,1,10.370314497228101,33.362703593865405,11.833387623360563,9.197332487580967,9.022594749848347
BMH19,s1a2b0,1,2,0,1,61.1750638740361,-27.937334527579747,-40.78932608683262,-14.847221703470378,-4.067514863561183
BMH19,s1a2b1,1,2,1,1,55.03119220115254,2.953051277162429,-10.257643539875021,1.5206594448376938,-14.457068843971056
BMH19,s1a2b2,1,2,2,1,48.34142196219452,26.05832140808267,50.8437817307149,7.018659540345757,-11.929329460812745
BMH19,s2a0b0,2,0,0,1,-35.30968417902914,40.46809765099804,-34.546340588918504,-4.815475554919689,-7.789292307075948
BMH19,s2a0b1,2,0,1,1,-37.48245211087963,48.011824308260046,-14.692900456971406,-15.79528242373673,-4.213980294777229
BMH19,s2a0b2,2,0,2,1,-51.1949293684178,92.02766172264928,59.529226749988034,-14.834390331483887,-3.1202033329946044
BMH19,s2a1b0,2,1,0,1,34.20099123547757,4.32402007042254,-58.26689976133895,18.25963833584409,7.190049906601042
BMH19,s2a1b1,2,1,1,1,33.24699315984777,27.35571415234048,-23.20426220469446,14.00111438759939,18.43188346123504
BMH19,s2a1b2,2,1,2,1,21.567710126075443,29.85306296787046,32.33646839080401,14.513278775728246,12.732171762428065
BMH19,s2a2b0,2,2,0,1,55.32755579411783,-9.658723263984093,-28.780426295479497,-1.8164513928261876,-1.0673153922969147
BMH19,s2a2b1,2,2,1,1,47.216602472501094,27.480061285739932,-25.843059441959863,23.04180560237164,-5.221927469765912
BMH19,s2a2b2,2,2,2,1,53.33864232310366,-2.186282771252262,31.229238110264163,-1.8830888179125524,13.511179202752942
BMH20,s0a0b0,0,0,0,1,-111.20054930491553,-4.2334510992395895,-50.70293854632267,28.53593077685337,-4.52618063439567
BMH20,s0a0b1,0,0,1,1,54.051542303281316,-68.42408730759294,-31.8987468025044,-20.44394541208867,-0.13085529639505272
BMH20,s0a0b2,0,0,2,1,-132.43048345953872,-13.0307262319774,-44.19533259168348,0.4704521157451293,16.603166287024706
BMH20,s0a1b0,0,1,0,1,75.05003103134474,-50.96356981971744,-35.623601178572194,-23.6529612065317,-3.7538226477598005
BMH20,s0a1b1,0,1,1,1,76.8641829715668,-99.67832411213186,51.84098517120813,-2.248184133156894,4.3565559745012505
BMH20,s0a1b2,0,1,2,1,-124.24865324731729,-5.2008649057847105,-63.19773277898248,-18.15079155592276,8.008792662221898
BMH20,s0a2b0,0,2,0,1,53.83594993055961,67.7316259245527,-21.050643577872894,38.95021376690438,3.149285335469438
BMH20,s0a2b1,0,2,1,1,61.983800592137925,-86.33155739811217,50.49643468165519,27.26795063202406,13.74006023366037
BMH20,s0a2b2,0,2,2,1,-2.811131701165863,54.2459690140645,-27.920838384878923,2.6188826895222466,-12.85146938124239
BMH20,s1a0b0,1,0,0,1,-149.9199778904847,14.233432274007908,93.83409255826365,-15.406665595124558,19.331864549464115
BMH20,s1a0b1,1,0,1,1,-110.66428125081114,-7.362398333963627,-40.56854866263158,5.226894077272406,14.913528839411764
BMH20,s1a0b2,1,0,2,1,81.63453981633378,78.89924328217289,-28.2298967701608,3.670406118567221,21.432516443782095
BMH20,s1a1b0,1,1,0,1,-161.34207596434052,18.4777239932571,90.55565811492708,-6.954302791536188,-29.758078348084307
BMH20,s1a1b1,1,1,1,1,49.04998032600924,105.57918123591305,12.986603647053286,-19.221010791256457,7.113457952596795
BMH20,s1a1b2,1,1,2,1,107.77853671283687,75.44315030106492,-26.613875369479164,0.2186093539342606,-16.62171298696345
BMH20,s1a2b0,1,2,0,1,82.89268303180133,-58.78460961749926,-18.209509249310525,-25.521108117691675,-5.646566554117972
BMH20,s1a2b1,1,2,1,1,54.27376360524267,16.652066393665713,54.4137611571555,-1.8290845523158807,-14.693001190339174
BMH20,s1a2b2,1,2,2,1,55.39140552977276,-48.99990698161687,5.6333644861273875,31.99115325103075,-6.955379976924009
BMH20,s2a0b0,2,0,0,1,69.99902390493394,-16.216507989753715,-43.29925064660912,7.093590533596264,-9.593257525955256
BMH20,s2a0b1,2,0,1,1,-137.6896143016636,-28.126554092105486,-68.42964332710712,-7.706466851119773,-16.823303495497154
BMH20,s2a0b2,2,0,2,1,-110.25147863790103,-21.316460248739798,-66.12057403595885,0.04842165994332977,1.798599305438652
BMH20,s2a1b0,2,1,0,1,92.06216209855397,-94.04064417904293,19.238476007588122,-21.978674633286857,-6.935288557695691
BMH20,s2a1b1,2,1,1,1,108.92523445873721,68.2288618368581,-24.50397203064221,17.19127332282936,-8.2726230758338
BMH20,s2a1b2,2,1,2,1,54.325156727363826,-59.27531894295422,37.47010860115476,20.88164137387637,17.87436830751107
BMH20,s2a2b0,2,2,0,1,-119.22159160691173,17.767013479080187,97.46435722705672,16.04453244955021,-7.548498593360117
BMH20,s2a2b1,2,2,1,1,19.63193673347142,48.79084894274934,46.91148626622757,-3.317269821181116,1.8650270179077848
BMH20,s2a2b2,2,2,2,1,62.02990759110271,95.93586458284506,29.71977603429925,-33.77948666043689,13.922815355574048
BMH21,s0a0b0,0,0,0,1,141.28141357524447,-33.77884003632208,-15.893348238892099,-24.175041483639127,-0.07754966638831713
BMH21,s0a0b1,0,0,1,1,139.28441393840654,-21.225469383111893,-6.081682319422679,-8.644984121017666,-4.348481926533306
BMH21,s0a0b2,0,0,2,1,158.09545369225194,-67.02538689011637,-12.73529383049241,36.2180144971709,4.0846099004977825
BMH21,s0a1b0,0,1,0,1,-95.95006877009858,-28.799113948864388,-4.733379059277168,-0.4731394463912672,-23.43032178154772
BMH21,s0a1b1,0,1,1,1,-69.43724616804025,18.617861630836305,-9.387251339652014,-10.721705034173382,16.986819624952417
BMH21,s0a1b2,0,1,2,1,-61.08835681477524,-55.387395577061405,36.0167192949959,4.5881959954290625,-8.491857137469257
BMH21,s0a2b0,0,2,0,1,-96.39680798577048,-14.393092274937295,3.303610376173175,-16.04735152533731,6.306258226212376
BMH21,s0a2b1,0,2,1,1,-79.89022083834324,-61.00393723645399,35.397618516283835,-6.373141952100057,9.269818001833645
BMH21,s0a2b2,0,2,2,1,-58.51737750861317,-44.20065079868339,14.290435584801896,-9.70746690946883,-4.917530617103518
BMH21,s1a0b0,1,0,0,1,132.94645469776717,-2.073615068327693,-3.1120275113166103,-21.750660145660092,-2.7307393196896763
BMH21,s1a0b1,1,0,1,1,143.36187399698792,-24.596553261785495,-18.855179185734908,-10.16596848015,-0.9964701613576745
BMH21,s1a0b2,1,0,2,1,129.9632672805302,-16.96503404497856,5.34657063251126,15.604691770726301,8.13869302357764
BMH21,s1a1b0,1,1,0,1,-57.603940953484816,18.392905004383987,-27.25026552416245,5.990619332263729,-0.9176781527055023
BMH21,s1a1b1,1,1,1,1,-59.763398199498965,18.315932584387294,-24.66332946430017,-1.3937936988231925,5.220241565461353
BMH21,s1a1b2,1,1,2,1,-22.82798030854428,4.465563301846375,4.38147523513232,16.485640333123207,-8.7947978356883
BMH21,s1a2b0,1,2,0,1,-72.95617764477369,-9.003547810945225,-7.282254045682044,-11.32474826080206,-12.313060459594613
BMH21,s1a2b1,1,2,1,1,-74.81155215216172,13.51386645991241,-16.256696918400596,18.574342540042668,1.395809005508383
BMH21,s1a2b2,1,2,2,1,-68.38187376826208,-41.36190454850157,28.85693818007481,-15.042375760962992,14.547291802208514
BMH21,s2a0b0,2,0,0,1,80.7180250355966,59.27749038255036,8.381635699724592,-11.818498576699369,-8.813563872821534
BMH21,s2a0b1,2,0,1,1,70.36782851285174,99.86310243839696,43.69487240910178,-22.3980449727683,-0.43513010780827466
BMH21,s2a0b2,2,0,2,1,74.84965420239674,53.99621280994395,29.058810401169247,23.78103974065564,3.1677229651283945
BMH21,s2a1b0,2,1,0,1,-52.904751440696494,23.67528378010971,-25.50482557825833,-7.595245480786352,10.304921477082688
BMH21,s2a1b1,2,1,1,1,-45.56702230693999,27.472594055720958,-26.344118759247678,1.4232253743837027,2.130971597335843
BMH21,s2a1b2,2,1,2,1,-23.303223321485923,24.598963136700952,13.657310444793618,45.191515099315254,3.5002544904989223
BMH21,s2a2b0,2,2,0,1,-65.9208680734155,12.891565252525865,-29.047670765815543,-2.2553127707569685,-1.560350402520844
BMH21,s2a2b1,2,2,1,1,-35.684869587065634,30.607504948717512,7.484646482074868,11.909118476401222,-10.603951093989439
BMH21,s2a2b2,2,2,2,1,-29.862649090063265,14.125695094057471,-2.72332071618239,0.12107546002534851,3.3780708549196192
